{"cameraMode":{"drawMode":0,"name":"Shaded","section":"Shading Mode"},"sceneLighting":false,"audioPlay":false,"sceneViewState":{"m_AlwaysRefresh":false,"showFog":true,"showSkybox":false,"showFlares":true,"showImageEffects":true,"showParticleSystems":true,"showVisualEffectGraphs":true,"m_FxEnabled":true},"in2DMode":false,"pivot":{"x":-1.0001788139343262,"y":3.3289356231689455,"z":0.005652397871017456},"rotation":{"x":-0.1603144258260727,"y":-0.3118222653865814,"z":0.053465232253074649,"w":-0.9349915981292725},"size":0.48820722103118899,"orthographic":false}